PV,AAHF1,A&A Heart,,,,,,,,,,,,,,,
PV,SNC01,Aberdeen Royal,,,,,,,,,,,,,,,
PV,AHUS,AHUS,,,,,,,,,,,,,,,
PV,RW402,Aintree Hospital,,,,,,,,,,,,,,,
PV,9RW402,Aintree-FDU,,,,,,,,,,,,,,,
PV,RW402H,Aintree-HomeD,,,,,,,,,,,,,,,
PV,SLC01,Airdrie,,,,,,,,,,,,,,,
PV,ALPORT,Alport,,,,,,,,,,,,,,,
PV,45020,Altnagelvin,,,,,,,,,,,,,,,
PV,RM403,Altrincham,,,,,,,,,,,,,,,
PV,24027,Antrim,,,,,,,,,,,,,,,
PV,APRT,APRT Def,,,,,,,,,,,,,,,
PV,ARPKD,ARPKD,,,,,,,,,,,,,,,
PV,RQBAU,Bangor,,,,,,,,,,,,,,,
PV,RFRAA,Barnsley,,,,,,,,,,,,,,,
PV,RDDH0,Basildon,,,,,,,,,,,,,,,
PV,RCD37,Bath,,,,,,,,,,,,,,,
PV,RD1,Bath - Royal United,,,,,,,,,,,,,,,
PV,9RFU,Bedford,,,,,,,,,,,,,,,
PV,9RQR13,Beeston,,,,,,,,,,,,,,,
PV,11023,Belfast - Paeds,,,,,,,,,,,,,,,
PV,2020,Belfast City,,,,,,,,,,,,,,,
PV,7021,Belfast-Ulster Hosp,,,,,,,,,,,,,,,
PV,RQ3,B'Ham - Paeds,,,,,,,,,,,,,,,
PV,RL7,B'Ham-Heartlands,,,,,,,,,,,,,,,
PV,RRK02,B'Ham-QEH,,,,,,,,,,,,,,,
PV,RBL14,Birkenhead-Arrowe Pk,,,,,,,,,,,,,,,
PV,RKGA1,Bodlewyddan - Glan C,,,,,,,,,,,,,,,
PV,RMC00,Bolton,,,,,,,,,,,,,,,
PV,RAE05,Bradford,,,,,,,,,,,,,,,
PV,RGU01,Brighton,,,,,,,,,,,,,,,
PV,REE01,Bristol,,,,,,,,,,,,,,,
PV,RA723,Bristol-Childrens,,,,,,,,,,,,,,,
PV,CAIRO,Cairo,,,,,,,,,,,,,,,
PV,RGT01,Cambridge,,,,,,,,,,,,,,,
PV,RRE14,Cannock,,,,,,,,,,,,,,,
PV,RRBBV,Cardiff,,,,,,,,,,,,,,,
PV,RLGAY,Carlisle,,,,,,,,,,,,,,,
PV,RAZ,Carshalton-St Helier,,,,,,,,,,,,,,,
PV,9RJH01,Castle Vale,,,,,,,,,,,,,,,
PV,CCL,CCL,,,,,,,,,,,,,,,
PV,9RCSLB,Centenary Wing Dialy,,,,,,,,,,,,,,,
PV,RQ8L0,Chelmsford,,,,,,,,,,,,,,,
PV,RJR05,Chester,,,,,,,,,,,,,,,
PV,CHI,CHI,,,,,,,,,,,,,,,
PV,RBL20,Clatterbridge-satell,,,,,,,,,,,,,,,
PV,RDEE4,Colchester,,,,,,,,,,,,,,,
PV,9RVJ21,Cossham,,,,,,,,,,,,,,,
PV,RKB01,Coventry,,,,,,,,,,,,,,,
PV,CYSTIN,CYSTIN,,,,,,,,,,,,,,,
PV,CYSURIA,Cysuria,,,,,,,,,,,,,,,
PV,DEMO,Demonstration,,,,,,,,,,,,,,,
PV,DENTLOWE,Dent and Lowe,,,,,,,,,,,,,,,
PV,RFPFG,Derby,,,,,,,,,,,,,,,
PV,RMW10,Dewsbury,,,,,,,,,,,,,,,
PV,Diabetes,Diabetes,,,,,,,,,,,,,,,
PV,RP5,Doncaster,,,,,,,,,,,,,,,
PV,RBD01,Dorchester,,,,,,,,,,,,,,,
PV,RR9,Dryburn,,,,,,,,,,,,,,,
PV,RNA03,Dudley,,,,,,,,,,,,,,,
PV,SYC01,Dumfries,,,,,,,,,,,,,,,
PV,DUMMY,Dummy,,,,,,,,,,,,,,,
PV,STC01,Dundee,,,,,,,,,,,,,,,
PV,RCB23,Easingwold,,,,,,,,,,,,,,,
PV,ECS,ECS,,,,,,,,,,,,,,,
PV,RSC02,Edin,,,,,,,,,,,,,,,
PV,EDINHF1,Edin Heart,,,,,,,,,,,,,,,
PV,RH8,Exeter,,,,,,,,,,,,,,,
PV,SFC01,Fife,,,,,,,,,,,,,,,
PV,FUAN,FUAN,,,,,,,,,,,,,,,
PV,Generic,Generic,,,,,,,,,,,,,,,
PV,GGCHF1,GG&C Heart,,,,,,,,,,,,,,,
PV,SGC02,Glasgow  Children's,,,,,,,,,,,,,,,
PV,SGC05,Glasgow  QEUH,,,,,,,,,,,,,,,
PV,SGC04,Glasgow Renal,,,,,,,,,,,,,,,
PV,RH641,Gloucester,,,,,,,,,,,,,,,
PV,RBN63,Halton_Satellite,,,,,,,,,,,,,,,
PV,RQW,Harlow,,,,,,,,,,,,,,,
PV,RCD35,Harogate,,,,,,,,,,,,,,,
PV,Cardiol,Heart failure,,,,,,,,,,,,,,,
PV,9RK7CC,Heely,,,,,,,,,,,,,,,
PV,HNF1B,HNF1B,,,,,,,,,,,,,,,
PV,RGB04,Huddersfield,,,,,,,,,,,,,,,
PV,RF201,Hull,,,,,,,,,,,,,,,
PV,HYPERRDG,HY_OXALURIA,,,,,,,,,,,,,,,
PV,IBD,IBD,,,,,,,,,,,,,,,
PV,RXM56,Ilkeston,,,,,,,,,,,,,,,
PV,NEWDEHLI,INDIA New Dehli,,,,,,,,,,,,,,,
PV,BANGALORE,INDIA-Bangalore,,,,,,,,,,,,,,,
PV,VELLORE,INDIA-Vellore,,,,,,,,,,,,,,,
PV,SHC01,Inverness,,,,,,,,,,,,,,,
PV,RGQ02,Ipswich,,,,,,,,,,,,,,,
PV,TEHRAN,IRAN-Tehran,,,,,,,,,,,,,,,
PV,GUNMA,Japan - GUNMA,,,,,,,,,,,,,,,
PV,RVVKC,Kent,,,,,,,,,,,,,,,
PV,SAC02,Kilmarnock,,,,,,,,,,,,,,,
PV,RFJBC,King's Mill,,,,,,,,,,,,,,,
PV,RQS01,Leeds Infirmary,,,,,,,,,,,,,,,
PV,99RQR13,Leeds -Paeds,,,,,,,,,,,,,,,
PV,RQR00,Leeds- St James's,,,,,,,,,,,,,,,
PV,RFBAK,Leicester,,,,,,,,,,,,,,,
PV,RNG10,Lichfield,,,,,,,,,,,,,,,
PV,RBS25,Liverpool-A Hey,,,,,,,,,,,,,,,
PV,RQ601,Liverpool-Broadgreen,,,,,,,,,,,,,,,
PV,RQ617,Liverpool-Royal,,,,,,,,,,,,,,,
PV,RJZ,London -  Kings,,,,,,,,,,,,,,,
PV,R1H00,London-Barts,,,,,,,,,,,,,,,
PV,RP4,London-GOSH,,,,,,,,,,,,,,,
PV,RJ100,London-Guys+Tommys,,,,,,,,,,,,,,,
PV,RAL01,London-Royal Free,,,,,,,,,,,,,,,
PV,RJ701,London-St George's,,,,,,,,,,,,,,,
PV,RQN02,London-West,,,,,,,,,,,,,,,
PV,RC971,Luton & Dunstable,,,,,,,,,,,,,,,
PV,RW3RM,Manchester Childrens,,,,,,,,,,,,,,,
PV,RM574,Manchester Royal I,,,,,,,,,,,,,,,
PV,MEMRDG,MEMRDG,,,,,,,,,,,,,,,
PV,RCJAT,Middlesbrough-J-Cook,,,,,,,,,,,,,,,
PV,MPGN,MPGN,,,,,,,,,,,,,,,
PV,8RJ121,New Cross Gate,,,,,,,,,,,,,,,
PV,RTD01,Newcastle,,,,,,,,,,,,,,,
PV,33020,Newry-Daisy Hill,,,,,,,,,,,,,,,
PV,RM102,Norfolk Norwich,,,,,,,,,,,,,,,
PV,RX1CC,Nottingham,,,,,,,,,,,,,,,
PV,99RCSLB,Nottingham -Paeds,,,,,,,,,,,,,,,
PV,48021,Omagh-Tyrone,,,,,,,,,,,,,,,
PV,RNX02,Oxford,,,,,,,,,,,,,,,
PV,PATIENT_ENTERED,Patient Entered,,,,,,,,,,,,,,,
PV,PV_SUP,PatientView Support,,,,,,,,,,,,,,,
PV,RK950,Plymouth,,,,,,,,,,,,,,,
PV,RXF03,Pontefract,,,,,,,,,,,,,,,
PV,RHU02,Portsmouth-Q-Alex,,,,,,,,,,,,,,,
PV,OBS,Pregnancy,,,,,,,,,,,,,,,
PV,RMF01,Preston,,,,,,,,,,,,,,,
PV,PRESR1,PRESTON_RES_GP1,,,,,,,,,,,,,,,
PV,RHW01,Reading,,,,,,,,,,,,,,,
PV,REDCAPLASIA,RedCAplasia,,,,,,,,,,,,,,,
PV,Renal,Renal,,,,,,,,,,,,,,,
PV,RENALREG,Renal Registry,,,,,,,,,,,,,,,
PV,RFRPA,Rotherham,,,,,,,,,,,,,,,
PV,SALIBD,Salford IBD,,,,,,,,,,,,,,,
PV,RM301,Salford Royal,,,,,,,,,,,,,,,
PV,DSF01,Salford_Diabetes,,,,,,,,,,,,,,,
PV,HYPALK,Salt Wasting,,,,,,,,,,,,,,,
PV,9RQR14,Seacroft,,,,,,,,,,,,,,,
PV,RK7CC,Sheffield,,,,,,,,,,,,,,,
PV,RLZ01,Shrewsbury,,,,,,,,,,,,,,,
PV,RL301,Solihull,,,,,,,,,,,,,,,
PV,99RHM01,Southampton-Paed,,,,,,,,,,,,,,,
PV,RAJ01,Southend,,,,,,,,,,,,,,,
PV,RVY01,Southport,,,,,,,,,,,,,,,
PV,SRNS,SRNS,,,,,,,,,,,,,,,
PV,9RBN01,St Helens_Satellite,,,,,,,,,,,,,,,
PV,STAFF_ENTERED,Staff Entered,,,,,,,,,,,,,,,
PV,STECHUS,STECHUS,,,,,,,,,,,,,,,
PV,RAQ01,Stevenage-Lister,,,,,,,,,,,,,,,
PV,9RWJ,Stockport,,,,,,,,,,,,,,,
PV,RJE01,Stoke,,,,,,,,,,,,,,,
PV,RLNGH,Sunderland,,,,,,,,,,,,,,,
PV,RQHC7,Swansea,,,,,,,,,,,,,,,
PV,RMP01,Tameside,,,,,,,,,,,,,,,
PV,REF12,Truro -Treliske,,,,,,,,,,,,,,,
PV,UNKNOWNTESTGROUP,Unknown,,,,,,,,,,,,,,,
PV,VASRDG,VASRDG,,,,,,,,,,,,,,,
PV,9RBK,Walsall Renal Unit,,,,,,,,,,,,,,,
PV,RKC81,Warrington,,,,,,,,,,,,,,,
PV,9RLNGH,Washington,,,,,,,,,,,,,,,
PV,REM26,Waterloo_Satellite,,,,,,,,,,,,,,,
PV,9RM301,Wigan,,,,,,,,,,,,,,,
PV,RL403,Wolverhampton,,,,,,,,,,,,,,,
PV,RKHA4,Wrexham,,,,,,,,,,,,,,,
PV,RCB55,York,,,,,,,,,,,,,,,
PV,PV,PatientView System
PV,INS_WEB,INS Website
PV,INS_APP,INS App
PV,NHSWLS,NHS Wales